<?xml version="1.0" encoding="UTF-8"?>
<metadata modelVersion="1.1.0">
  <groupId>org.jrimum</groupId>
  <artifactId>jrimum-bopepo</artifactId>
  <version>0.2.3-SNAPSHOT</version>
  <versioning>
    <snapshot>
      <timestamp>20111228.180206</timestamp>
      <buildNumber>4</buildNumber>
    </snapshot>
    <lastUpdated>20111228180206</lastUpdated>
    <snapshotVersions>
      <snapshotVersion>
        <extension>jar</extension>
        <value>0.2.3-20111228.180206-4</value>
        <updated>20111228180206</updated>
      </snapshotVersion>
      <snapshotVersion>
        <extension>pom</extension>
        <value>0.2.3-20111228.180206-4</value>
        <updated>20111228180206</updated>
      </snapshotVersion>
      <snapshotVersion>
        <classifier>dep</classifier>
        <extension>jar</extension>
        <value>0.2.3-20111228.180206-4</value>
        <updated>20111228180206</updated>
      </snapshotVersion>
      <snapshotVersion>
        <classifier>dep-sources</classifier>
        <extension>jar</extension>
        <value>0.2.3-20111228.180206-4</value>
        <updated>20111228180206</updated>
      </snapshotVersion>
      <snapshotVersion>
        <classifier>examples</classifier>
        <extension>zip</extension>
        <value>0.2.3-20111228.180206-4</value>
        <updated>20111228180206</updated>
      </snapshotVersion>
      <snapshotVersion>
        <classifier>sources</classifier>
        <extension>jar</extension>
        <value>0.2.3-20111228.180206-4</value>
        <updated>20111228180206</updated>
      </snapshotVersion>
      <snapshotVersion>
        <classifier>javadoc</classifier>
        <extension>jar</extension>
        <value>0.2.3-20111228.180206-4</value>
        <updated>20111228180206</updated>
      </snapshotVersion>
    </snapshotVersions>
  </versioning>
</metadata>
