<?xml version="1.0" encoding="UTF-8"?>
<metadata modelVersion="1.1.0">
  <groupId>org.jrimum</groupId>
  <artifactId>jrimum-texgit</artifactId>
  <version>0.2.0-SNAPSHOT</version>
  <versioning>
    <snapshot>
      <timestamp>20140202.133334</timestamp>
      <buildNumber>168</buildNumber>
    </snapshot>
    <lastUpdated>20140202133334</lastUpdated>
    <snapshotVersions>
      <snapshotVersion>
        <extension>jar</extension>
        <value>0.2.0-20140202.133334-168</value>
        <updated>20140202133334</updated>
      </snapshotVersion>
      <snapshotVersion>
        <extension>pom</extension>
        <value>0.2.0-20140202.133334-168</value>
        <updated>20140202133334</updated>
      </snapshotVersion>
      <snapshotVersion>
        <classifier>dep</classifier>
        <extension>jar</extension>
        <value>0.2.0-20140202.133334-168</value>
        <updated>20140202133334</updated>
      </snapshotVersion>
      <snapshotVersion>
        <classifier>sources</classifier>
        <extension>jar</extension>
        <value>0.2.0-20140202.133334-168</value>
        <updated>20140202133334</updated>
      </snapshotVersion>
      <snapshotVersion>
        <classifier>javadoc</classifier>
        <extension>jar</extension>
        <value>0.2.0-20140202.133334-168</value>
        <updated>20140202133334</updated>
      </snapshotVersion>
      <snapshotVersion>
        <classifier>examples</classifier>
        <extension>zip</extension>
        <value>0.2.0-20121129.115319-3</value>
        <updated>20121129115319</updated>
      </snapshotVersion>
    </snapshotVersions>
  </versioning>
</metadata>
