<?xml version="1.0" encoding="UTF-8"?>
<metadata modelVersion="1.1.0">
  <groupId>org.jrimum</groupId>
  <artifactId>jrimum-domkee</artifactId>
  <version>0.2.3-SNAPSHOT</version>
  <versioning>
    <snapshot>
      <timestamp>20111124.014941</timestamp>
      <buildNumber>2</buildNumber>
    </snapshot>
    <lastUpdated>20131103214403</lastUpdated>
    <snapshotVersions>
      <snapshotVersion>
        <classifier>dep</classifier>
        <extension>jar</extension>
        <value>0.2.3-20111124.014941-2</value>
        <updated>20111124014941</updated>
      </snapshotVersion>
      <snapshotVersion>
        <classifier>javadoc</classifier>
        <extension>jar</extension>
        <value>0.2.3-20111124.014941-2</value>
        <updated>20111124014941</updated>
      </snapshotVersion>
      <snapshotVersion>
        <classifier>sources</classifier>
        <extension>jar</extension>
        <value>0.2.3-20111124.014941-2</value>
        <updated>20111124014941</updated>
      </snapshotVersion>
      <snapshotVersion>
        <extension>jar</extension>
        <value>0.2.3-20111124.014941-2</value>
        <updated>20111124014941</updated>
      </snapshotVersion>
      <snapshotVersion>
        <extension>pom</extension>
        <value>0.2.3-20111124.014941-2</value>
        <updated>20111124014941</updated>
      </snapshotVersion>
    </snapshotVersions>
  </versioning>
</metadata>
